{"epoch":14,"loss":6.389070987701416,"acc1":0.6048387096774194,"_timestamp":1.745943881870216e+09,"_runtime":124.944123081,"_wandb":{"runtime":125}}