{"_wandb":{"runtime":304},"acc1":0.4032258064516129,"_timestamp":1.7459740567537918e+09,"_runtime":304.291260002,"epoch":14,"loss":6.6390204429626465}