{"acc1":0.4032258064516129,"_timestamp":1.7459447452587943e+09,"_runtime":78.21341482,"_wandb":{"runtime":78},"epoch":14,"loss":6.24948787689209}