{"acc1":0.20161290322580644,"_timestamp":1.7459714390737514e+09,"_runtime":310.410722646,"_wandb":{"runtime":311},"epoch":14,"loss":6.65051794052124}