{"acc1":0.4032258064516129,"_timestamp":1.745973733654409e+09,"_runtime":403.395957944,"epoch":14,"_wandb":{"runtime":403},"loss":6.509759902954102}