{"train_accuracy":0.6211180124223602,"_timestamp":1.7459501835249698e+09,"_wandb":{"runtime":44},"_runtime":43.586897680999996,"epoch":15,"train_loss":6.687999248504639}