{"_timestamp":1.7459452322411003e+09,"_runtime":95.731302363,"_wandb":{"runtime":96},"epoch":14,"loss":6.522016525268555,"acc1":0.4032258064516129}