{"_wandb":{"runtime":311},"train_loss":2.3047192096710205,"train_accuracy":10.08,"_timestamp":1.746062368521866e+09,"_runtime":310.622982089,"_step":4,"epoch":5,"parameters/_fsdp_wrapped_module._flat_param":{"_type":"histogram","values":[1,0,1,5,3,11,18,15,27,42,56,95,177,238,407,614,943,1560,2694,4486,8173,15695,32714,68731,144759,286550,527888,891182,1.390237e+06,2.004227e+06,2.562451e+06,2.71779e+06,2.347643e+06,1.712052e+06,1.120952e+06,680998,384353,199314,96645,45879,21608,10335,5482,3040,1702,1041,652,464,273,157,111,72,46,35,17,12,8,6,3,2,0,0,0,1],"bins":[-0.24646823108196259,-0.23866811394691467,-0.23086801171302795,-0.22306789457798004,-0.21526777744293213,-0.2074676752090454,-0.1996675580739975,-0.19186744093894958,-0.18406733870506287,-0.17626722157001495,-0.16846710443496704,-0.16066698729991913,-0.1528668850660324,-0.1450667679309845,-0.13726665079593658,-0.12946654856204987,-0.12166643142700195,-0.11386632174253464,-0.10606620460748672,-0.09826609492301941,-0.0904659777879715,-0.08266586810350418,-0.07486575841903687,-0.06706564128398895,-0.05926553159952164,-0.05146541818976402,-0.04366530478000641,-0.03586519509553909,-0.02806508168578148,-0.020264968276023865,-0.0124648567289114,-0.00466474425047636,0.003135383129119873,0.010935495607554913,0.018735608085989952,0.026535719633102417,0.03433583304286003,0.042135946452617645,0.04993605613708496,0.057736169546842575,0.06553628295660019,0.0733363926410675,0.08113650977611542,0.08893661946058273,0.09673672914505005,0.10453684628009796,0.11233695596456528,0.12013707309961319,0.1279371827840805,0.13573729991912842,0.14353740215301514,0.15133751928806305,0.15913763642311096,0.16693773865699768,0.1747378557920456,0.1825379729270935,0.19033807516098022,0.19813819229602814,0.20593830943107605,0.21373842656612396,0.22153852880001068,0.2293386459350586,0.2371387630701065,0.24493886530399323,0.25273898243904114]}}