{"epoch":14,"loss":6.636014938354492,"acc1":0,"_timestamp":1.7459706943747654e+09,"_runtime":584.491360758,"_wandb":{"runtime":585}}