{"acc1":0.4032258064516129,"_wandb":{"runtime":397},"_timestamp":1.745971110688983e+09,"_runtime":397.189073236,"epoch":14,"loss":6.679265022277832}