{"_wandb":{"runtime":77},"epoch":14,"loss":6.852241516113281,"acc1":0,"_timestamp":1.7459462056826687e+09,"_runtime":76.858989362}