{"_wandb":{"runtime":43},"train_loss":6.588366985321045,"train_accuracy":0,"_timestamp":1.745949980687452e+09,"_runtime":42.400610075,"epoch":15}