{"_timestamp":1.7459685273669097e+09,"_runtime":339.603907421,"_wandb":{"runtime":340},"epoch":14,"loss":6.600030899047852,"acc1":0.20161290322580644}