{"train_accuracy":0.062421972534332085,"_timestamp":1.745951837541556e+09,"_runtime":287.79874295,"epoch":15,"_wandb":{"runtime":288},"train_loss":6.582736015319824}