{"epoch":14,"loss":6.874889850616455,"acc1":0.8064516129032258,"_timestamp":1.745944956636714e+09,"_runtime":75.389566266,"_wandb":{"runtime":75}}