{"_runtime":962.459210015,"_wandb":{"runtime":963},"epoch":14,"loss":NaN,"acc1":0.20161290322580644,"_timestamp":1.745970085010811e+09}