{"loss":6.718070030212402,"acc1":0.20161290322580644,"_timestamp":1.7459733121544669e+09,"_runtime":580.397244393,"epoch":14,"_wandb":{"runtime":581}}