{"_timestamp":1.7459501197142138e+09,"_wandb":{"runtime":54},"_runtime":53.662785791,"epoch":15,"train_loss":6.217421531677246,"train_accuracy":0}