{"epoch":14,"_wandb":{"runtime":82},"loss":6.580383777618408,"acc1":0,"_timestamp":1.745945447022912e+09,"_runtime":81.802225796}