{"_runtime":285.714615082,"_wandb":{"runtime":286},"epoch":14,"loss":6.707903861999512,"acc1":0.6048387096774194,"_timestamp":1.7459688318541079e+09}