{"_wandb":{"runtime":40},"epoch":15,"train_loss":6.588301658630371,"train_accuracy":0,"_timestamp":1.7459502951908734e+09,"_runtime":40.056905143}