{"train_loss":6.916783332824707,"train_accuracy":0.18726591760299627,"_timestamp":1.745952431507789e+09,"_runtime":268.618292646,"_wandb":{"runtime":269},"epoch":15}