{"acc1":0.20161290322580644,"_timestamp":1.745972711460986e+09,"_runtime":960.926689974,"epoch":14,"loss":NaN,"_wandb":{"runtime":961}}