{"train_loss":6.922830104827881,"train_accuracy":0,"_timestamp":1.7459554675302033e+09,"_runtime":272.403473265,"_wandb":{"runtime":273},"epoch":15}