{"_wandb":{"runtime":270},"train_loss":6.916783332824707,"train_accuracy":0.18726591760299627,"_timestamp":1.745955765515627e+09,"_runtime":269.299084961,"epoch":15}