{"_wandb":{"runtime":345},"_runtime":344.505001019,"epoch":15,"train_loss":6.450761795043945,"train_accuracy":0.18726591760299627,"_timestamp":1.745953245603489e+09}