{"train_loss":6.256488800048828,"_wandb":{"runtime":57},"train_accuracy":0,"_timestamp":1.7459500521335676e+09,"_runtime":57.054890873,"epoch":15}