{"_runtime":279.885071542,"epoch":15,"_wandb":{"runtime":280},"train_loss":6.922829627990723,"train_accuracy":0,"_timestamp":1.7459538404306116e+09}