{"train_accuracy":0.062421972534332085,"_timestamp":1.7459535473813062e+09,"_runtime":289.053911762,"_wandb":{"runtime":289},"epoch":15,"train_loss":6.582736015319824}