{"loss":6.653436183929443,"acc1":0.4032258064516129,"_timestamp":1.7459769296361465e+09,"_runtime":872.018296836,"_wandb":{"runtime":872},"epoch":14}