{"train_loss":6.450800895690918,"_wandb":{"runtime":339},"train_accuracy":0.18726591760299627,"_timestamp":1.7459515288677258e+09,"_runtime":338.5564527,"epoch":15}