{"train_loss":6.5833330154418945,"train_accuracy":0,"_timestamp":1.745950566555286e+09,"_runtime":37.38095314,"_wandb":{"runtime":39},"epoch":15}