{"train_accuracy":0,"_timestamp":1.7459498068724098e+09,"_runtime":52.408407148,"_wandb":{"runtime":53},"epoch":15,"train_loss":6.180339813232422}