{"train_loss":6.656096458435059,"_wandb":{"runtime":40},"train_accuracy":1.2422360248447204,"_timestamp":1.745950514966679e+09,"_runtime":38.651390004,"epoch":15}