{"_wandb":{"runtime":44},"epoch":15,"train_loss":6.266114711761475,"train_accuracy":0,"_timestamp":1.7459504073540301e+09,"_runtime":42.373165384}