{"_runtime":103.054746849,"epoch":14,"loss":6.876120090484619,"_wandb":{"runtime":103},"acc1":0.6048387096774194,"_timestamp":1.7459443888731008e+09}