{"epoch":14,"_wandb":{"runtime":92},"loss":NaN,"acc1":0.20161290322580644,"_timestamp":1.7459453458577816e+09,"_runtime":91.821200921}