{"_wandb":{"runtime":80},"epoch":14,"loss":6.778685569763184,"acc1":0.8064516129032258,"_timestamp":1.7459455465621612e+09,"_runtime":80.058032506}