{"_wandb":{"runtime":43},"epoch":15,"train_loss":6.3554768562316895,"train_accuracy":0.6211180124223602,"_timestamp":1.7459503503353436e+09,"_runtime":41.345707653}