{"loss":6.380625247955322,"acc1":0.6048387096774194,"_timestamp":1.7459445328538532e+09,"_runtime":124.528194963,"_wandb":{"runtime":125},"epoch":14}