{"loss":NaN,"acc1":0.20161290322580644,"_timestamp":1.7459691037693765e+09,"_runtime":252.822449866,"epoch":14,"_wandb":{"runtime":253}}