{"_wandb":{"runtime":449},"epoch":15,"train_loss":6.733069896697998,"train_accuracy":0.12484394506866417,"_timestamp":1.7459511764798467e+09,"_runtime":448.847765944}