{"_runtime":43.595017967,"epoch":15,"train_loss":6.638995170593262,"train_accuracy":0.6211180124223602,"_wandb":{"runtime":44},"_timestamp":1.7459502413095572e+09}