{"epoch":10,"_runtime":614.338101106,"train_accuracy":9.744,"_timestamp":1.7460652517215602e+09,"_step":9,"_wandb":{"runtime":614},"train_loss":2.2987911701202393,"parameters/_fsdp_wrapped_module._flat_param":{"values":[2,0,1,1,2,2,8,16,25,15,30,58,76,149,204,303,550,814,1338,2193,3782,6583,11946,22844,45970,91097,182314,344767,612024,997988,1.511974e+06,2.120342e+06,2.617673e+06,2.659502e+06,2.203214e+06,1.561196e+06,1.00413e+06,603028,338099,175117,86507,43016,21125,10952,5737,3200,1877,1078,668,436,251,165,92,73,47,31,20,15,12,3,6,3,0,2],"bins":[-0.2648080289363861,-0.25688493251800537,-0.24896183609962463,-0.2410387247800827,-0.23311562836170197,-0.22519253194332123,-0.2172694206237793,-0.20934632420539856,-0.20142322778701782,-0.19350013136863708,-0.18557703495025635,-0.17765392363071442,-0.16973082721233368,-0.16180773079395294,-0.153884619474411,-0.14596152305603027,-0.13803842663764954,-0.1301153302192688,-0.12219222635030746,-0.11426912248134613,-0.1063460260629654,-0.09842292964458466,-0.09049982577562332,-0.08257672190666199,-0.07465362548828125,-0.06673052906990051,-0.05880742520093918,-0.05088432505726814,-0.04296122491359711,-0.03503812476992607,-0.027115024626255035,-0.019191924482584,-0.01126880943775177,-0.0033457092940807343,0.0045773908495903015,0.012500490993261337,0.020423591136932373,0.02834669128060341,0.036269791424274445,0.04419289156794548,0.052115991711616516,0.06003909185528755,0.06796219199895859,0.07588529586791992,0.08380839228630066,0.0917314887046814,0.09965459257364273,0.10757769644260406,0.1155007928609848,0.12342388927936554,0.13134700059890747,0.1392700970172882,0.14719319343566895,0.15511628985404968,0.16303938627243042,0.17096249759197235,0.1788855940103531,0.18680869042873383,0.19473180174827576,0.2026548981666565,0.21057799458503723,0.21850109100341797,0.2264241874217987,0.23434729874134064,0.24227039515972137],"_type":"histogram"},"gradients/_fsdp_wrapped_module._flat_param":{"bins":[-1.0339369773864746,-0.9950259923934937,-0.9561150670051575,-0.9172040820121765,-0.8782931566238403,-0.8393821716308594,-0.8004712462425232,-0.7615602612495422,-0.722649335861206,-0.6837383508682251,-0.6448273658752441,-0.605916440486908,-0.567005455493927,-0.5280945301055908,-0.48918354511260986,-0.4502725899219513,-0.4113616347312927,-0.37245067954063416,-0.3335397243499756,-0.294628769159317,-0.25571781396865845,-0.21680684387683868,-0.17789587378501892,-0.13898491859436035,-0.10007396340370178,-0.061163004487752914,-0.022252045571804047,0.01665891334414482,0.05556987226009369,0.09448082745075226,0.13339179754257202,0.1723027527332306,0.21121370792388916,0.25012466311454773,0.2890356183052063,0.32794657349586487,0.36685752868652344,0.4057685136795044,0.44467946887016296,0.48359042406082153,0.5225013494491577,0.5614123344421387,0.6003233194351196,0.6392342448234558,0.6781452298164368,0.717056155204773,0.7559671401977539,0.7948780655860901,0.833789050579071,0.872700035572052,0.9116109609603882,0.9505219459533691,0.9894328713417053,1.0283437967300415,1.0672547817230225,1.1061657667160034,1.1450767517089844,1.1839877367019653,1.2228986024856567,1.2618095874786377,1.3007205724716187,1.3396315574645996,1.378542423248291,1.417453408241272,1.456364393234253],"_type":"histogram","values":[1,0,0,0,0,0,0,0,0,0,0,1,1,0,7,12,2,10,4,9,29,40,40,45,183,1022,1.38352128e+08,2873,401,182,133,88,75,31,70,22,48,29,26,25,22,4,12,2,0,0,1,2,1,1,0,0,1,0,1,1,0,1,0,0,2,0,1,1]}}