{"train_accuracy":1.2422360248447204,"_wandb":{"runtime":43},"_timestamp":1.745949924448614e+09,"_runtime":42.395583801,"epoch":15,"train_loss":6.644185543060303}