{"_runtime":611.970648372,"_step":9,"gradients/_fsdp_wrapped_module._flat_param":{"_type":"histogram","values":[1,0,0,0,1,0,0,1,0,4,4,1,1,3,2,6,6,3,11,4,10,22,12,26,26,45,29,47,58,95,85,131,200,270,412,995,1.38337648e+08,18078,1082,518,281,235,151,108,91,64,35,33,25,16,14,14,11,4,5,10,5,4,4,2,1,1,4,1],"bins":[-0.11017822474241257,-0.10718841105699539,-0.10419859737157822,-0.10120878368616104,-0.09821897000074387,-0.09522915631532669,-0.09223934262990952,-0.08924952894449234,-0.08625971525907516,-0.08326990157365799,-0.08028008788824081,-0.07729027420282364,-0.07430046051740646,-0.07131064683198929,-0.06832083314657211,-0.06533101946115494,-0.06234120577573776,-0.05935139209032059,-0.05636157840490341,-0.05337176471948624,-0.05038195103406906,-0.047392137348651886,-0.04440232366323471,-0.041412509977817535,-0.03842269629240036,-0.035432882606983185,-0.03244306892156601,-0.029453255236148834,-0.02646344155073166,-0.023473627865314484,-0.02048381417989731,-0.017494000494480133,-0.014504194259643555,-0.01151438057422638,-0.008524566888809204,-0.005534753203392029,-0.0025449395179748535,0.0004448741674423218,0.003434687852859497,0.006424501538276672,0.009414315223693848,0.012404128909111023,0.015393942594528198,0.018383756279945374,0.02137356996536255,0.024363383650779724,0.0273531973361969,0.030343011021614075,0.03333282470703125,0.036322638392448425,0.0393124520778656,0.042302265763282776,0.04529207944869995,0.048281893134117126,0.0512717068195343,0.05426152050495148,0.05725133419036865,0.06024114787578583,0.063230961561203,0.06622077524662018,0.06921058893203735,0.07220040261745453,0.0751902163028717,0.07818002998828888,0.08116984367370605]},"epoch":10,"train_loss":0.7934548854827881,"_wandb":{"runtime":612},"parameters/_fsdp_wrapped_module._flat_param":{"bins":[-0.36266523599624634,-0.35104113817214966,-0.339417040348053,-0.3277929425239563,-0.3161688446998596,-0.3045447766780853,-0.29292067885398865,-0.28129658102989197,-0.2696724832057953,-0.2580483853816986,-0.24642428755760193,-0.23480020463466644,-0.22317610681056976,-0.21155200898647308,-0.1999279260635376,-0.18830382823944092,-0.17667973041534424,-0.16505563259124756,-0.15343153476715088,-0.1418074518442154,-0.1301833540201187,-0.11855925619602203,-0.10693516582250595,-0.09531107544898987,-0.08368697762489319,-0.07206287980079651,-0.060438789427280426,-0.048814695328474045,-0.037190601229667664,-0.025566507130861282,-0.013942413032054901,-0.00231831893324852,0.009305775165557861,0.020929869264364243,0.032553963363170624,0.044178057461977005,0.055802151560783386,0.06742624938488007,0.07905033975839615,0.09067443013191223,0.10229852795600891,0.11392262578010559,0.12554672360420227,0.13717080652713776,0.14879490435123444,0.16041900217533112,0.1720430850982666,0.18366718292236328,0.19529128074645996,0.20691537857055664,0.21853947639465332,0.2301635593175888,0.24178765714168549,0.25341174006462097,0.26503583788871765,0.27665993571281433,0.288284033536911,0.2999081313610077,0.31153222918510437,0.32315632700920105,0.33478039503097534,0.346404492855072,0.3580285906791687,0.3696526885032654,0.38127678632736206],"_type":"histogram","values":[1,1,3,8,7,15,21,33,39,76,101,159,232,373,573,789,1316,1855,2814,4441,6828,10911,18966,34603,68941,151733,350945,774680,1.51578e+06,2.574813e+06,3.573412e+06,3.478386e+06,2.356622e+06,1.286091e+06,613030,259242,106318,46450,22387,12239,7116,4250,2799,1857,1184,759,526,302,263,141,87,55,34,25,18,13,11,7,1,3,1,3,1,3]},"train_accuracy":69.616,"_timestamp":1.7460688914356773e+09}