{"_runtime":101.245382704,"_wandb":{"runtime":101},"epoch":14,"loss":6.352602005004883,"acc1":0.4032258064516129,"_timestamp":1.745944137829809e+09}