{"epoch":15,"train_loss":6.2468695640563965,"train_accuracy":0,"_timestamp":1.7459497408620458e+09,"_runtime":55.408199333,"_wandb":{"runtime":56}}