{"parameters/_fsdp_wrapped_module._flat_param":{"values":[2,5,3,3,3,6,16,21,31,42,63,98,171,247,412,650,1144,1818,3303,5620,10531,20845,43953,93369,198726,392774,715497,1.189277e+06,1.822719e+06,2.509477e+06,2.884657e+06,2.630792e+06,1.94974e+06,1.263148e+06,750828,411704,206693,97593,45001,21081,10208,5332,2890,1614,928,612,393,224,152,113,52,47,23,15,13,2,5,2,1,1,1,0,0,2],"bins":[-0.25940147042274475,-0.25101438164711,-0.24262727797031403,-0.23424017429351807,-0.2258530855178833,-0.21746598184108734,-0.20907887816429138,-0.20069178938865662,-0.19230468571186066,-0.1839175820350647,-0.17553049325942993,-0.16714338958263397,-0.158756285905838,-0.15036919713020325,-0.1419820934534073,-0.13359500467777252,-0.12520790100097656,-0.1168208047747612,-0.10843370854854584,-0.10004660487174988,-0.09165950864553452,-0.08327241241931915,-0.0748853087425232,-0.06649821251630783,-0.05811111629009247,-0.049724020063877106,-0.041336920112371445,-0.032949820160865784,-0.02456272393465042,-0.01617562584578991,-0.007788527756929398,0.0005985703319311142,0.008985698223114014,0.017372796311974525,0.025759894400835037,0.0341469943523407,0.04253409057855606,0.05092118680477142,0.059308286756277084,0.06769538670778275,0.07608248293399811,0.08446957916021347,0.09285667538642883,0.10124377906322479,0.10963087528944016,0.11801797151565552,0.12640507519245148,0.13479216396808624,0.1431792676448822,0.15156637132167816,0.15995346009731293,0.1683405637741089,0.17672765254974365,0.1851147562265396,0.19350185990333557,0.20188894867897034,0.2102760523557663,0.21866315603256226,0.22705024480819702,0.23543734848499298,0.24382445216178894,0.2522115409374237,0.26059862971305847,0.2689857482910156,0.2773728370666504],"_type":"histogram"},"_wandb":{"runtime":285},"_runtime":284.933586123,"_step":4,"epoch":5,"train_loss":2.4780068397521973,"train_accuracy":41.024,"_timestamp":1.74606449578479e+09}