{"_wandb":{"runtime":258},"epoch":14,"loss":NaN,"acc1":0.20161290322580644,"_timestamp":1.745971715309757e+09,"_runtime":258.067010561}