{"epoch":15,"train_loss":6.450225830078125,"train_accuracy":0.18726591760299627,"_timestamp":1.7459548821122606e+09,"_wandb":{"runtime":320},"_runtime":319.970832627}