{"acc1":0.4032258064516129,"_timestamp":1.7459446480066042e+09,"_runtime":95.386998905,"_wandb":{"runtime":95},"epoch":14,"loss":6.373867034912109}