{"epoch":15,"train_loss":6.916783332824707,"train_accuracy":0.18726591760299627,"_timestamp":1.7459541339770699e+09,"_runtime":273.756285934,"_wandb":{"runtime":274}}