{"epoch":15,"train_loss":6.691342353820801,"train_accuracy":0,"_timestamp":1.7459498683972297e+09,"_runtime":45.185208874,"_wandb":{"runtime":45}}