{"_timestamp":1.7459458845326583e+09,"_runtime":120.103651313,"_wandb":{"runtime":120},"epoch":14,"loss":6.247529029846191,"acc1":0.4032258064516129}