{"_wandb":{"runtime":484},"acc1":0,"_timestamp":1.7459774304715147e+09,"_runtime":483.588235414,"epoch":14,"loss":6.945459842681885}