{"epoch":14,"loss":NaN,"acc1":0.20161290322580644,"_timestamp":1.7459760402072062e+09,"_runtime":1685.941436351,"_wandb":{"runtime":1686}}