{"_runtime":286.08044007,"_wandb":{"runtime":286},"epoch":14,"loss":6.689139366149902,"acc1":0.4032258064516129,"_timestamp":1.7459797576599066e+09}