{"_runtime":97.339197947,"_wandb":{"runtime":98},"epoch":14,"loss":6.313050270080566,"acc1":0.4032258064516129,"_timestamp":1.745946000315815e+09}