{"acc1":0.20161290322580644,"_timestamp":1.7459448612105272e+09,"_runtime":80.95780342,"_wandb":{"runtime":81},"epoch":14,"loss":NaN}