{"epoch":15,"train_loss":6.740164756774902,"_wandb":{"runtime":444},"train_accuracy":0.12484394506866417,"_timestamp":1.7459528879496017e+09,"_runtime":443.810971998}