{"_timestamp":1.7459743356446178e+09,"_wandb":{"runtime":261},"_runtime":260.443363294,"epoch":14,"loss":6.714492321014404,"acc1":0.4032258064516129}