{"loss":6.696550369262695,"acc1":0.4032258064516129,"_wandb":{"runtime":453},"_timestamp":1.7459681616864927e+09,"_runtime":453.14007835,"epoch":14}