{"train_loss":6.582735061645508,"_wandb":{"runtime":281},"train_accuracy":0.062421972534332085,"_timestamp":1.7459551754060156e+09,"_runtime":280.169618218,"epoch":15}