{"acc1":0.4032258064516129,"_timestamp":1.7459442672005806e+09,"_runtime":107.299859025,"_wandb":{"runtime":107},"epoch":14,"loss":6.461674690246582}