{"_runtime":114.482454943,"_wandb":{"runtime":115},"epoch":14,"loss":6.356141090393066,"acc1":0.4032258064516129,"_timestamp":1.745944016343213e+09}