{"_runtime":463.457780824,"_step":9,"epoch":10,"train_loss":0.618017315864563,"parameters/_fsdp_wrapped_module._flat_param":{"_type":"histogram","values":[1,0,1,1,1,3,3,11,17,28,49,85,124,221,379,638,1104,1935,3499,5984,11516,22858,49458,112309,250832,517896,964922,1.624498e+06,2.458583e+06,3.100902e+06,2.977489e+06,2.217041e+06,1.401307e+06,799190,413717,194521,86095,38510,18113,9184,4975,2788,1589,955,572,306,189,107,73,46,26,25,9,4,2,0,0,1,0,0,0,0,0,1],"bins":[-0.27450868487358093,-0.26541122794151306,-0.2563137412071228,-0.24721628427505493,-0.23811882734298706,-0.2290213704109192,-0.21992389857769012,-0.21082642674446106,-0.2017289698123932,-0.19263151288032532,-0.18353404104709625,-0.1744365692138672,-0.16533911228179932,-0.15624165534973145,-0.14714418351650238,-0.13804671168327332,-0.12894925475120544,-0.11985179036855698,-0.11075432598590851,-0.10165686160326004,-0.09255939722061157,-0.0834619328379631,-0.07436446845531464,-0.06526700407266617,-0.0561695396900177,-0.04707207530736923,-0.037974610924720764,-0.028877146542072296,-0.019779682159423828,-0.01068221777677536,-0.001584753394126892,0.007512710988521576,0.01661020517349243,0.0257076695561409,0.03480513393878937,0.043902598321437836,0.053000062704086304,0.06209752708673477,0.07119499146938324,0.08029245585203171,0.08938992023468018,0.09848738461732864,0.10758484899997711,0.11668231338262558,0.12577977776527405,0.13487723469734192,0.14397470653057098,0.15307217836380005,0.16216963529586792,0.1712670922279358,0.18036456406116486,0.18946203589439392,0.1985594928264618,0.20765694975852966,0.21675442159175873,0.2258518934249878,0.23494935035705566,0.24404680728912354,0.2531442642211914,0.26224175095558167,0.27133920788764954,0.2804366648197174,0.28953415155410767,0.29863160848617554,0.3077290654182434]},"_wandb":{"runtime":463},"train_accuracy":75.072,"_timestamp":1.7460695795840263e+09}