{"epoch":14,"loss":6.287502765655518,"acc1":0.6048387096774194,"_timestamp":1.7459451176569493e+09,"_runtime":132.655725827,"_wandb":{"runtime":133}}