{"_runtime":38.579415892,"_wandb":{"runtime":40},"epoch":15,"train_loss":6.668859004974365,"train_accuracy":0,"_timestamp":1.7459504615759428e+09}