{"_wandb":{"runtime":173},"_runtime":172.916886769,"epoch":14,"loss":6.331199645996094,"acc1":0.6048387096774194,"_timestamp":1.745945739250244e+09}