{"loss":6.533022403717041,"_wandb":{"runtime":91},"acc1":0.4032258064516129,"_timestamp":1.745946110508628e+09,"_runtime":91.250391862,"epoch":14}