{"_timestamp":1.7459545471084983e+09,"_wandb":{"runtime":384},"_runtime":383.558453969,"epoch":15,"train_loss":6.7416510581970215,"train_accuracy":0.12484394506866417}