{"_timestamp":1.7459676897522101e+09,"_runtime":683.437186101,"epoch":14,"loss":6.677484512329102,"acc1":0.20161290322580644,"_wandb":{"runtime":684}}