{"train_loss":6.922829627990723,"train_accuracy":0,"_wandb":{"runtime":283},"_timestamp":1.7459521478555465e+09,"_runtime":282.744746004,"epoch":15}